Problem,Regret,Solution_Error
knapsack,0.000484603428049013,4.846033698413521e-05
