Alpha,Predicted Risk Mean,True Risk Mean,True Objective,Predicted Objective,Regret,Normalized Regret
0,2.7330222,4.387568370986919,284164.8967523623,176641.929562552,107522.97,0.38
0.5,2.7330222,4.387568370986919,73629.28402131515,54484.06560517558,19145.22,0.26
0.9,2.7330222,4.387568370986919,361873.25770081853,361376.61163515283,496.65,0.00
1,2.7330222,4.387568370986919,-44900.93208565447,-44900.92935597051,-0.00,-0.00
2,2.7330222,4.387568370986919,-834952.0385505655,-3321639.5900116917,2486687.55,2.98
inf,2.7330222,4.387568370986919,0.0006267983099363225,2.4123876167136087e-06,0.00,1.00
