Alpha,Predicted Risk Mean,True Risk Mean,True Objective,Predicted Objective,Regret,Normalized Regret
0,2.7036538,4.387568370986919,284164.8967523623,7960234.619579703,104721.50,0.37
0.5,2.7036538,4.387568370986919,73629.28402131515,38114.14763440629,23887.93,0.32
0.9,2.7036538,4.387568370986919,361873.25770081853,306005.10946583736,658.10,0.00
1,2.7036538,4.387568370986919,-44900.93208565447,-112700.51732450326,-0.00,-0.00
2,2.7036538,4.387568370986919,-834952.0385505655,-1546416.4630868407,2847299.59,3.41
inf,2.7036538,4.387568370986919,0.0006267983099363225,0.003833028292691284,0.00,1.00
