Alpha,Group,Lambda,FairnessType,G0_decision_obj_mean,G0_decision_obj_std,G0_mse_mean,G0_mse_std,G0_true_benefit_mean,G0_true_benefit_std,G1_decision_obj_mean,G1_decision_obj_std,G1_mse_mean,G1_mse_std,G1_true_benefit_mean,G1_true_benefit_std,final_fairness_penalty_mean,final_fairness_penalty_std,final_loss_mean,final_loss_std,final_regret_mean,final_regret_std
2.0,False,0.0,atkinson,-610.9142520066093,0.0,274.1482759687595,0.0,11.828570815360731,0.0,-61.54255873223737,0.0,439.14914319921024,0.0,16.80796898421718,0.0,0.0,0.0,-0.9992656333107497,0.0,-0.9992656333107497,0.0
2.0,False,1.0,atkinson,-666.0921131953522,0.0,299.52395303021063,0.0,11.828570815360731,0.0,-63.98338097262347,0.0,466.84712809869086,0.0,16.80796898421718,0.0,0.6214100379573031,0.0,-0.37779792070850104,0.0,-0.9992079586658041,0.0
2.0,False,5.0,atkinson,-661.3088878070369,0.0,295.6954382925495,0.0,11.828570815360731,0.0,-63.77712942634782,0.0,458.2914719908732,0.0,16.80796898421718,0.0,0.6207642736836851,0.0,2.1046100478158514,0.0,-0.9992113206025741,0.0
2.0,False,0.0,mad,-610.9142520066093,0.0,274.1482759687595,0.0,11.828570815360731,0.0,-61.54255873223737,0.0,439.14914319921024,0.0,16.80796898421718,0.0,0.0,0.0,-0.9992656333107497,0.0,-0.9992656333107497,0.0
2.0,False,0.05,mad,-671.4822456841584,0.0,241.41237190755604,0.0,11.828570815360731,0.0,-68.60641919258077,0.0,359.85812568305784,0.0,16.80796898421718,0.0,366.75356202271047,0.0,17.338480336974072,0.0,-0.999197764161451,0.0
2.0,False,0.5,mad,-671.4860237300829,0.0,241.408323505424,0.0,11.828570815360731,0.0,-68.60651720478728,0.0,359.8516341688469,0.0,16.80796898421718,0.0,366.7535169303088,0.0,182.3775607018713,0.0,-0.9991977632831334,0.0
